{"cameraMode":{"drawMode":0,"name":"Shaded","section":"Shading Mode"},"sceneLighting":false,"audioPlay":false,"sceneViewState":{"showFog":false,"showMaterialUpdate":false,"showSkybox":false,"showFlares":false,"showImageEffects":false,"showParticleSystems":false},"in2DMode":false,"pivot":{"x":1.5006685256958008,"y":0.2063443660736084,"z":0.0},"rotation":{"x":-0.009385011158883572,"y":0.9426121115684509,"z":-0.3327045738697052,"w":-0.02658764272928238},"size":4.185634613037109,"orthographic":false}