{"cameraMode":{"drawMode":0,"name":"Shaded","section":"Shading Mode"},"sceneLighting":true,"audioPlay":false,"sceneViewState":{"showFog":false,"showMaterialUpdate":false,"showSkybox":false,"showFlares":false,"showImageEffects":false,"showParticleSystems":false},"in2DMode":false,"pivot":{"x":1.5006685256958008,"y":1.3733443021774293,"z":0.0},"rotation":{"x":-0.009385011158883572,"y":0.9426121115684509,"z":-0.3327045738697052,"w":-0.02658764272928238},"size":1556.9202880859375,"orthographic":false}