{"cameraMode":{"drawMode":0,"name":"Shaded","section":"Shading Mode"},"sceneLighting":true,"audioPlay":false,"sceneViewState":{"showFog":false,"showMaterialUpdate":false,"showSkybox":false,"showFlares":false,"showImageEffects":false,"showParticleSystems":false},"in2DMode":false,"pivot":{"x":5.4215850830078129,"y":7.186775207519531,"z":-9.83334732055664},"rotation":{"x":0.26679715514183047,"y":0.4720143973827362,"z":-0.15240223705768586,"w":0.8263148665428162},"size":87.17045593261719,"orthographic":false}