{"cameraMode":{"drawMode":0,"name":"Shaded","section":"Shading Mode"},"sceneLighting":false,"audioPlay":false,"sceneViewState":{"showFog":false,"showMaterialUpdate":false,"showSkybox":false,"showFlares":false,"showImageEffects":false,"showParticleSystems":false},"in2DMode":false,"pivot":{"x":2.1267805099487306,"y":0.18400000035762788,"z":0.3400000035762787},"rotation":{"x":-0.009385011158883572,"y":0.9426121115684509,"z":-0.3327045738697052,"w":-0.02658764272928238},"size":1.2203251123428345,"orthographic":false}