{"cameraMode":{"drawMode":0,"name":"Shaded","section":"Shading Mode"},"sceneLighting":false,"audioPlay":false,"sceneViewState":{"showFog":false,"showMaterialUpdate":false,"showSkybox":false,"showFlares":false,"showImageEffects":false,"showParticleSystems":false},"in2DMode":false,"pivot":{"x":0.0,"y":0.11666688323020935,"z":0.5940724611282349},"rotation":{"x":-0.06833907961845398,"y":0.9313952326774597,"z":-0.2641093134880066,"w":-0.2410007119178772},"size":0.5838408470153809,"orthographic":false}