{"cameraMode":{"drawMode":0,"name":"Shaded","section":"Shading Mode"},"sceneLighting":true,"audioPlay":false,"sceneViewState":{"showFog":false,"showMaterialUpdate":false,"showSkybox":false,"showFlares":false,"showImageEffects":false,"showParticleSystems":false},"in2DMode":false,"pivot":{"x":9.245216369628907,"y":-0.8077049255371094,"z":-4.299590110778809},"rotation":{"x":-0.009385011158883572,"y":0.9426121115684509,"z":-0.3327045738697052,"w":-0.02658764272928238},"size":26.235408782958986,"orthographic":false}